CREATE DATABASE  IF NOT EXISTS `college_mgmt` ;
USE `college_mgmt`;
-- MySQL dump 10.13  Distrib 8.0.41, for Win64 (x86_64)
--
-- Host: 3.107.176.17    Database: college_mgmt
-- ------------------------------------------------------
-- Server version	8.0.42-0ubuntu0.24.04.2

/*!40101 SET @OLD_CHARACTER_SET_CLIENT=@@CHARACTER_SET_CLIENT */;
/*!40101 SET @OLD_CHARACTER_SET_RESULTS=@@CHARACTER_SET_RESULTS */;
/*!40101 SET @OLD_COLLATION_CONNECTION=@@COLLATION_CONNECTION */;
/*!50503 SET NAMES utf8 */;
/*!40103 SET @OLD_TIME_ZONE=@@TIME_ZONE */;
/*!40103 SET TIME_ZONE='+00:00' */;
/*!40014 SET @OLD_UNIQUE_CHECKS=@@UNIQUE_CHECKS, UNIQUE_CHECKS=0 */;
/*!40014 SET @OLD_FOREIGN_KEY_CHECKS=@@FOREIGN_KEY_CHECKS, FOREIGN_KEY_CHECKS=0 */;
/*!40101 SET @OLD_SQL_MODE=@@SQL_MODE, SQL_MODE='NO_AUTO_VALUE_ON_ZERO' */;
/*!40111 SET @OLD_SQL_NOTES=@@SQL_NOTES, SQL_NOTES=0 */;

--
-- Table structure for table `tbl_college`
--

DROP TABLE IF EXISTS `tbl_college`;
/*!40101 SET @saved_cs_client     = @@character_set_client */;
/*!50503 SET character_set_client = utf8mb4 */;
CREATE TABLE `tbl_college` (
  `college_id` int NOT NULL AUTO_INCREMENT,
  `collegename` varchar(200) NOT NULL,
  `branch` varchar(200) NOT NULL,
  PRIMARY KEY (`college_id`)
) ENGINE=InnoDB AUTO_INCREMENT=28 DEFAULT CHARSET=latin1;
/*!40101 SET character_set_client = @saved_cs_client */;

--
-- Dumping data for table `tbl_college`
--

LOCK TABLES `tbl_college` WRITE;
/*!40000 ALTER TABLE `tbl_college` DISABLE KEYS */;
INSERT INTO `tbl_college` VALUES (1,'Test College 1','Test College 1 Branch 1'),(2,'Test College 2','Test College 2 Branch 1'),(3,'Test College 3','Test College 3 Branch 1'),(4,'Test College 4','Test College 4 Branch 1'),(5,'Test College 5','Test College 5 Branch 1'),(6,'Test College 6','Test College 6 Branch 1'),(7,'Test College 7','Test College 7 Branch 1'),(8,'Test College 8','Test College 8 Branch 1'),(9,'Test College 9','Test College 9 Branch 1'),(10,'Test College 10','Test College 10 Branch 1'),(11,'RichardRennehan_TestCollege1','RichardRennehan_TestBranch1'),(12,'College_SHY','Branch_SHY'),(13,'Sruthi University','Michigan'),(14,'CB_Demo College','CBDemo Branch 1'),(15,'Test_Yf','Test_Yf'),(16,'MatthewsBasementOfHobbies','CityBasement'),(17,'CB_Demo College','CBDemo Branch 1'),(18,'C_College','Hfx'),(19,'Viju','Test college 1 Branch 1'),(20,'SP_Test College','Branch 2'),(21,'SP Test College TWO','Branch 1'),(22,'Test_RV','Testing branch'),(23,'Richard\'s Institute of Pokemon Knowledge','Halifax'),(24,'Sruthi University2','Northern Michigan'),(25,'abc','abc'),(26,'tldevrie-MSU','East Lansing'),(27,'tldevrie-WMU','Kalamazoo');
/*!40000 ALTER TABLE `tbl_college` ENABLE KEYS */;
UNLOCK TABLES;

--
-- Table structure for table `tbl_roles`
--

DROP TABLE IF EXISTS `tbl_roles`;
/*!40101 SET @saved_cs_client     = @@character_set_client */;
/*!50503 SET character_set_client = utf8mb4 */;
CREATE TABLE `tbl_roles` (
  `role_id` int NOT NULL AUTO_INCREMENT,
  `rolename` varchar(100) NOT NULL,
  PRIMARY KEY (`role_id`)
) ENGINE=InnoDB AUTO_INCREMENT=3 DEFAULT CHARSET=latin1;
/*!40101 SET character_set_client = @saved_cs_client */;

--
-- Dumping data for table `tbl_roles`
--

LOCK TABLES `tbl_roles` WRITE;
/*!40000 ALTER TABLE `tbl_roles` DISABLE KEYS */;
INSERT INTO `tbl_roles` VALUES (1,'Admin'),(2,'Co Admin');
/*!40000 ALTER TABLE `tbl_roles` ENABLE KEYS */;
UNLOCK TABLES;

--
-- Table structure for table `tbl_student`
--

DROP TABLE IF EXISTS `tbl_student`;
/*!40101 SET @saved_cs_client     = @@character_set_client */;
/*!50503 SET character_set_client = utf8mb4 */;
CREATE TABLE `tbl_student` (
  `id` int NOT NULL AUTO_INCREMENT,
  `studentname` varchar(200) NOT NULL,
  `college_id` int NOT NULL,
  `gender` varchar(200) NOT NULL,
  `email` varchar(200) NOT NULL,
  `course` varchar(200) NOT NULL,
  PRIMARY KEY (`id`)
) ENGINE=InnoDB AUTO_INCREMENT=75 DEFAULT CHARSET=latin1;
/*!40101 SET character_set_client = @saved_cs_client */;

--
-- Dumping data for table `tbl_student`
--

LOCK TABLES `tbl_student` WRITE;
/*!40000 ALTER TABLE `tbl_student` DISABLE KEYS */;
INSERT INTO `tbl_student` VALUES (1,'SP_Test College  Student 1',20,'Male','student1_1@demo.com','B. A'),(2,'College 1 Student 2',1,'Female','student1_2@demo.com','B. Tech'),(3,'College 1 Student 3',1,'Male','student1_3@demo.com','B. Com'),(4,'College 1 Student 4',1,'Female','student1_4@demo.com','B. A'),(5,'College 1 Student 5',1,'Male','student1_5@demo.com','B. Tech'),(6,'College 1 Student 6',1,'Female','student1_6@demo.com','B. Com'),(7,'College 1 Student 7',1,'Male','student1_7@demo.com','B. A'),(8,'College 1 Student 8',1,'Female','student1_8@demo.com','B. Tech'),(9,'College 1 Student 9',1,'Male','student1_9@demo.com','B. Com'),(10,'College 1 Student 10',1,'Female','student1_10@demo.com','B. A'),(11,'College 2 Student 1',2,'Male','student2_1@demo.com','B. Tech'),(12,'College 2 Student 2',2,'Female','student2_2@demo.com','B. Com'),(13,'College 2 Student 3',2,'Male','student2_3@demo.com','B. A'),(14,'College 2 Student 4',2,'Female','student2_4@demo.com','B. Tech'),(15,'College 2 Student 5',2,'Male','student2_5@demo.com','B. Com'),(16,'College 2 Student 6',2,'Female','student2_6@demo.com','B. A'),(17,'College 2 Student 7',2,'Male','student2_7@demo.com','B. Tech'),(18,'College 2 Student 8',2,'Female','student2_8@demo.com','B. Com'),(19,'College 2 Student 9',2,'Male','student2_9@demo.com','B. A'),(20,'College 2 Student 10',2,'Female','student2_10@demo.com','B. Tech'),(21,'College 3 Student 1',3,'Male','student3_1@demo.com','B. Com'),(22,'College 3 Student 2',3,'Female','student3_2@demo.com','B. A'),(23,'College 3 Student 3',3,'Male','student3_3@demo.com','B. Tech'),(24,'College 3 Student 4',3,'Female','student3_4@demo.com','B. Com'),(25,'College 3 Student 5',3,'Male','student3_5@demo.com','B. A'),(26,'College 3 Student 6',3,'Female','student3_6@demo.com','B. Tech'),(27,'College 3 Student 7',3,'Male','student3_7@demo.com','B. Com'),(28,'College 3 Student 8',3,'Female','student3_8@demo.com','B. A'),(29,'College 3 Student 9',3,'Male','student3_9@demo.com','B. Tech'),(30,'College 3 Student 10',3,'Female','student3_10@demo.com','B. Com'),(31,'College 4 Student 1',4,'Male','student4_1@demo.com','B. A'),(32,'College 4 Student 2',4,'Female','student4_2@demo.com','B. Tech'),(33,'College 4 Student 3',4,'Male','student4_3@demo.com','B. Com'),(34,'College 4 Student 4',4,'Female','student4_4@demo.com','B. A'),(35,'College 4 Student 5',4,'Male','student4_5@demo.com','B. Tech'),(36,'College 4 Student 6',4,'Female','student4_6@demo.com','B. Com'),(37,'College 4 Student 7',4,'Male','student4_7@demo.com','B. A'),(38,'College 4 Student 8',4,'Female','student4_8@demo.com','B. Tech'),(39,'College 4 Student 9',4,'Male','student4_9@demo.com','B. Com'),(40,'College 4 Student 10',4,'Female','student4_10@demo.com','B. A'),(41,'College 5 Student 1',5,'Male','student5_1@demo.com','B. Tech'),(42,'College 5 Student 2',5,'Female','student5_2@demo.com','B. Com'),(43,'College 5 Student 3',5,'Male','student5_3@demo.com','B. A'),(44,'College 5 Student 4',5,'Female','student5_4@demo.com','B. Tech'),(45,'College 5 Student 5',5,'Male','student5_5@demo.com','B. Com'),(46,'College 5 Student 6',5,'Female','student5_6@demo.com','B. A'),(47,'College 5 Student 7',5,'Male','student5_7@demo.com','B. Tech'),(48,'College 5 Student 8',5,'Female','student5_8@demo.com','B. Com'),(49,'College 5 Student 9',5,'Male','student5_9@demo.com','B. A'),(50,'RichardRennehan_College 5 Student 10',5,'Female','RichardRennehan_student5_10@demo.com','RichardRennehan_B. Tech'),(51,'HYS_Student',12,'female','hys-student@gmail.com','CS'),(52,'student_yfdasd',15,'male','test@email.com','test'),(53,'CB Demo Student',14,'male','student@demo.com','CBDemo Course'),(54,'Matt',16,'male','smithmj2@gmail.com','Meshtastic'),(55,'Jules',13,'male','jemail@email.com','Economics'),(56,'CB Student',14,'male','student@demo.com','CBDemo Course'),(57,'C_Student',18,'male','cc@gmail.com','CS'),(58,'r1',22,'male','rr@rr.com','Math'),(59,'student_IncorrectEmail',12,'female','noEmail','Math'),(60,'r2',22,'female','r2@rr.com','Science'),(61,'James',13,'male','james@email.com','Mathematics'),(62,'V_Student ',19,'female','vijustudent@gmail.com','math '),(63,'John',13,'male','john@email.com','Biology'),(64,'SP Student',21,'female','rsndpahwa@gmail.com','MS'),(66,'SP Student One',21,'male','rsndpahwa@gmail.com','BA'),(67,'SP Test College Student 1',20,'female','rsndpahwa@gmail.com','BSC'),(68,'Lily',24,'female','lily@email.com','Computer Science'),(69,'SP Student TWO',20,'female','rsndpahwa@gmail.com','BA'),(70,'test student 2',19,'male','teststudent2@gmail.com','IT'),(71,'SP Test College Student 3',20,'male','rsndpahwa@gmail.com','MS'),(72,'Todd DeVries',26,'male','tldevrie@us.ibm.com','Astrophysics'),(73,'Todd DeVries',27,'male','tldevrie@us.ibm.com','Music'),(74,'RichardRennehan_Hobbyist',16,'male','test@test.com','H101: Overview - Hobbies');
/*!40000 ALTER TABLE `tbl_student` ENABLE KEYS */;
UNLOCK TABLES;

--
-- Table structure for table `tbl_users`
--

DROP TABLE IF EXISTS `tbl_users`;
/*!40101 SET @saved_cs_client     = @@character_set_client */;
/*!50503 SET character_set_client = utf8mb4 */;
CREATE TABLE `tbl_users` (
  `user_id` int NOT NULL AUTO_INCREMENT,
  `username` varchar(255) NOT NULL,
  `college_id` int NOT NULL,
  `email` varchar(255) NOT NULL,
  `gender` varchar(255) NOT NULL,
  `role_id` int NOT NULL,
  `password` varchar(255) NOT NULL,
  `confpwd` varchar(255) NOT NULL,
  PRIMARY KEY (`user_id`)
) ENGINE=InnoDB AUTO_INCREMENT=2117 DEFAULT CHARSET=latin1;
/*!40101 SET character_set_client = @saved_cs_client */;

--
-- Dumping data for table `tbl_users`
--

LOCK TABLES `tbl_users` WRITE;
/*!40000 ALTER TABLE `tbl_users` DISABLE KEYS */;
INSERT INTO `tbl_users` VALUES (1,'SuperUser',0,'superuser@demo.com','female',1,'7c4a8d09ca3762af61e59520943dc26494f8941b','7c4a8d09ca3762af61e59520943dc26494f8941b'),(2,'Moderator 1 College 1',1,'moderator1_1@demo.com','Male',1,'7c4a8d09ca3762af61e59520943dc26494f8941b','7c4a8d09ca3762af61e59520943dc26494f8941b'),(3,'Moderator 1 College 2',2,'moderator1_2@demo.com','Female',1,'7c4a8d09ca3762af61e59520943dc26494f8941b','7c4a8d09ca3762af61e59520943dc26494f8941b'),(4,'Moderator 1 College 3',3,'moderator1_3@demo.com','Male',1,'7c4a8d09ca3762af61e59520943dc26494f8941b','7c4a8d09ca3762af61e59520943dc26494f8941b'),(5,'Moderator 1 College 4',4,'moderator1_4@demo.com','Female',1,'7c4a8d09ca3762af61e59520943dc26494f8941b','7c4a8d09ca3762af61e59520943dc26494f8941b'),(6,'Moderator 1 College 5',5,'moderator1_5@demo.com','Male',1,'7c4a8d09ca3762af61e59520943dc26494f8941b','7c4a8d09ca3762af61e59520943dc26494f8941b'),(7,'Moderator 1 College 6',6,'moderator1_6@demo.com','Female',1,'7c4a8d09ca3762af61e59520943dc26494f8941b','7c4a8d09ca3762af61e59520943dc26494f8941b'),(8,'Moderator 1 College 7',7,'moderator1_7@demo.com','Male',1,'7c4a8d09ca3762af61e59520943dc26494f8941b','7c4a8d09ca3762af61e59520943dc26494f8941b'),(9,'Moderator 1 College 8',8,'moderator1_8@demo.com','Female',1,'7c4a8d09ca3762af61e59520943dc26494f8941b','7c4a8d09ca3762af61e59520943dc26494f8941b'),(10,'Moderator 1 College 9',9,'moderator1_9@demo.com','Male',1,'7c4a8d09ca3762af61e59520943dc26494f8941b','7c4a8d09ca3762af61e59520943dc26494f8941b'),(11,'Moderator 1 College 10',10,'moderator1_10@demo.com','Female',1,'7c4a8d09ca3762af61e59520943dc26494f8941b','7c4a8d09ca3762af61e59520943dc26494f8941b'),(12,'Moderator 2 College 1',1,'moderator2_1@demo.com','Male',2,'7c4a8d09ca3762af61e59520943dc26494f8941b','7c4a8d09ca3762af61e59520943dc26494f8941b'),(13,'Moderator 2 College 2',2,'moderator2_2@demo.com','Female',2,'7c4a8d09ca3762af61e59520943dc26494f8941b','7c4a8d09ca3762af61e59520943dc26494f8941b'),(14,'Moderator 2 College 3',3,'moderator2_3@demo.com','Male',2,'7c4a8d09ca3762af61e59520943dc26494f8941b','7c4a8d09ca3762af61e59520943dc26494f8941b'),(15,'Moderator 2 College 4',4,'moderator2_4@demo.com','Female',2,'7c4a8d09ca3762af61e59520943dc26494f8941b','7c4a8d09ca3762af61e59520943dc26494f8941b'),(16,'Moderator 2 College 5',5,'moderator2_5@demo.com','Male',2,'7c4a8d09ca3762af61e59520943dc26494f8941b','7c4a8d09ca3762af61e59520943dc26494f8941b'),(17,'Moderator 2 College 6',6,'moderator2_6@demo.com','Female',2,'7c4a8d09ca3762af61e59520943dc26494f8941b','7c4a8d09ca3762af61e59520943dc26494f8941b'),(18,'Moderator 2 College 7',7,'moderator2_7@demo.com','Male',2,'7c4a8d09ca3762af61e59520943dc26494f8941b','7c4a8d09ca3762af61e59520943dc26494f8941b'),(19,'Moderator 2 College 8',8,'moderator2_8@demo.com','Female',2,'7c4a8d09ca3762af61e59520943dc26494f8941b','7c4a8d09ca3762af61e59520943dc26494f8941b'),(20,'Moderator 2 College 9',9,'moderator2_9@demo.com','Male',2,'7c4a8d09ca3762af61e59520943dc26494f8941b','7c4a8d09ca3762af61e59520943dc26494f8941b'),(2100,'Moderator 2 College 10',10,'moderator2_10@demo.com','Female',2,'7c4a8d09ca3762af61e59520943dc26494f8941b','7c4a8d09ca3762af61e59520943dc26494f8941b'),(2101,'Moderator_HYS',12,'moderatorHYS@gmail.com','female',1,'7c4a8d09ca3762af61e59520943dc26494f8941b','7c4a8d09ca3762af61e59520943dc26494f8941b'),(2102,'RichardRennehan_TestAdmin',0,'testadmin@test.com','male',1,'7c4a8d09ca3762af61e59520943dc26494f8941b','8cb2237d0679ca88db6464eac60da96345513964'),(2103,'yangfan',15,'test_yf@gmail.com','male',1,'7c4a8d09ca3762af61e59520943dc26494f8941b','7c4a8d09ca3762af61e59520943dc26494f8941b'),(2104,'Matt',16,'smithmj2@gmail.com','male',1,'7c4a8d09ca3762af61e59520943dc26494f8941b','7c4a8d09ca3762af61e59520943dc26494f8941b'),(2105,'University User',13,'semail@email.com','male',2,'7c4a8d09ca3762af61e59520943dc26494f8941b','7c4a8d09ca3762af61e59520943dc26494f8941b'),(2106,'CBAdmin',14,'adminuser@demo.com','male',1,'7c4a8d09ca3762af61e59520943dc26494f8941b','7c4a8d09ca3762af61e59520943dc26494f8941b'),(2107,'C_Moderator',18,'chan@gmail.com','male',1,'cbfdac6008f9cab4083784cbd1874f76618d2a97','cbfdac6008f9cab4083784cbd1874f76618d2a97'),(2108,'moderator_viju',19,'moderator_viju@gmail.com','female',1,'7c4a8d09ca3762af61e59520943dc26494f8941b','7c4a8d09ca3762af61e59520943dc26494f8941b'),(2109,'moderator_incorrtEmail',12,'moderator','female',2,'7110eda4d09e062aa5e4a390b0a572ac0d2c0220','7110eda4d09e062aa5e4a390b0a572ac0d2c0220'),(2110,'University Admin User',13,'uau@email.com','male',1,'7c4a8d09ca3762af61e59520943dc26494f8941b','7c4a8d09ca3762af61e59520943dc26494f8941b'),(2111,'moderator r',22,'test@t1.com','male',1,'7c4a8d09ca3762af61e59520943dc26494f8941b','7c4a8d09ca3762af61e59520943dc26494f8941b'),(2112,'superuser@demo.com',20,'rsndpahwa@gmail.com','male',1,'7c4a8d09ca3762af61e59520943dc26494f8941b','7c4a8d09ca3762af61e59520943dc26494f8941b'),(2113,'superuser@demo.com',21,'rsndpahwa@gmail.com','female',2,'7c4a8d09ca3762af61e59520943dc26494f8941b','7c4a8d09ca3762af61e59520943dc26494f8941b'),(2114,'University2 User',24,'user2@email.com','female',1,'7c4a8d09ca3762af61e59520943dc26494f8941b','7c4a8d09ca3762af61e59520943dc26494f8941b'),(2115,'tldevrie',26,'tldevrie@us.ibm.com','male',1,'dd5f0458aa4b924c973ee92b42d33a5531d30623','dd5f0458aa4b924c973ee92b42d33a5531d30623'),(2116,'tldevries',27,'tldevrie@us.ibm.dom','male',1,'dd5f0458aa4b924c973ee92b42d33a5531d30623','dd5f0458aa4b924c973ee92b42d33a5531d30623');
/*!40000 ALTER TABLE `tbl_users` ENABLE KEYS */;
UNLOCK TABLES;
/*!40103 SET TIME_ZONE=@OLD_TIME_ZONE */;

/*!40101 SET SQL_MODE=@OLD_SQL_MODE */;
/*!40014 SET FOREIGN_KEY_CHECKS=@OLD_FOREIGN_KEY_CHECKS */;
/*!40014 SET UNIQUE_CHECKS=@OLD_UNIQUE_CHECKS */;
/*!40101 SET CHARACTER_SET_CLIENT=@OLD_CHARACTER_SET_CLIENT */;
/*!40101 SET CHARACTER_SET_RESULTS=@OLD_CHARACTER_SET_RESULTS */;
/*!40101 SET COLLATION_CONNECTION=@OLD_COLLATION_CONNECTION */;
/*!40111 SET SQL_NOTES=@OLD_SQL_NOTES */;

-- Dump completed on 2025-07-22  0:49:42
