CREATE DATABASE  IF NOT EXISTS `college_mgmt` ;
USE `college_mgmt`;
-- MySQL dump 10.13  Distrib 8.0.28, for Win64 (x86_64)
--
-- Host: 13.211.60.92    Database: college_mgmt
-- ------------------------------------------------------
-- Server version	8.0.35-0ubuntu0.22.04.1

/*!40101 SET @OLD_CHARACTER_SET_CLIENT=@@CHARACTER_SET_CLIENT */;
/*!40101 SET @OLD_CHARACTER_SET_RESULTS=@@CHARACTER_SET_RESULTS */;
/*!40101 SET @OLD_COLLATION_CONNECTION=@@COLLATION_CONNECTION */;
/*!50503 SET NAMES utf8 */;
/*!40103 SET @OLD_TIME_ZONE=@@TIME_ZONE */;
/*!40103 SET TIME_ZONE='+00:00' */;
/*!40014 SET @OLD_UNIQUE_CHECKS=@@UNIQUE_CHECKS, UNIQUE_CHECKS=0 */;
/*!40014 SET @OLD_FOREIGN_KEY_CHECKS=@@FOREIGN_KEY_CHECKS, FOREIGN_KEY_CHECKS=0 */;
/*!40101 SET @OLD_SQL_MODE=@@SQL_MODE, SQL_MODE='NO_AUTO_VALUE_ON_ZERO' */;
/*!40111 SET @OLD_SQL_NOTES=@@SQL_NOTES, SQL_NOTES=0 */;

--
-- Table structure for table `tbl_college`
--

DROP TABLE IF EXISTS `tbl_college`;
/*!40101 SET @saved_cs_client     = @@character_set_client */;
/*!50503 SET character_set_client = utf8mb4 */;
CREATE TABLE `tbl_college` (
  `college_id` int NOT NULL AUTO_INCREMENT,
  `collegename` varchar(200) NOT NULL,
  `branch` varchar(200) NOT NULL,
  PRIMARY KEY (`college_id`)
) ENGINE=InnoDB AUTO_INCREMENT=35 DEFAULT CHARSET=latin1;
/*!40101 SET character_set_client = @saved_cs_client */;

--
-- Dumping data for table `tbl_college`
--

LOCK TABLES `tbl_college` WRITE;
/*!40000 ALTER TABLE `tbl_college` DISABLE KEYS */;
INSERT INTO `tbl_college` VALUES (1,'Test College 1','Test College 1 Branch 1'),(2,'Test College 2','Test College 2 Branch 1'),(3,'Test College 3','Test College 3 Branch 1'),(4,'Test College 4','Test College 4 Branch 1'),(5,'Test College 5','Test College 5 Branch 1'),(6,'Test College 6','Test College 6 Branch 1'),(7,'Test College 7','Test College 7 Branch 1'),(8,'Test College 8','Test College 8 Branch 1'),(9,'Test College 9','Test College 9 Branch 1'),(10,'Test College 10','Test College 10 Branch 1'),(11,'TestCollageAsha','Communications'),(12,'TestCollege_Teena','Noida'),(13,'TestcollageAsha1','Electronics'),(14,'Qaiser_College','CSE'),(15,'JNTU','CSIT'),(16,'Bharathidasan University','Trichy'),(17,'College_Mathena','Branch_Mathena'),(18,'TestCollege_Utkarsh','ECE'),(19,'Satish College1','Pune'),(20,'SND_College1','SND_BR1'),(21,'Satish College2','Mumbai'),(22,'College2_Mathena','Branch2_Mathena'),(23,'College1_NB','Computer Science'),(24,'SND_College2','SND_BR1'),(25,'Satish College3','Hyderabad'),(26,'Satish College4','Nagpur'),(27,'Satish College5','Delhi'),(28,'Satish College6','Jaipur'),(29,'Satish College7','Bhopal'),(30,'College2_NB','EC'),(31,'SDDIET','CHANDIGARH'),(32,'TestCollege_IPUNIV','ECE'),(33,'SSIT','EEE'),(34,'SSIT','EEE');
/*!40000 ALTER TABLE `tbl_college` ENABLE KEYS */;
UNLOCK TABLES;

--
-- Table structure for table `tbl_roles`
--

DROP TABLE IF EXISTS `tbl_roles`;
/*!40101 SET @saved_cs_client     = @@character_set_client */;
/*!50503 SET character_set_client = utf8mb4 */;
CREATE TABLE `tbl_roles` (
  `role_id` int NOT NULL AUTO_INCREMENT,
  `rolename` varchar(100) NOT NULL,
  PRIMARY KEY (`role_id`)
) ENGINE=InnoDB AUTO_INCREMENT=3 DEFAULT CHARSET=latin1;
/*!40101 SET character_set_client = @saved_cs_client */;

--
-- Dumping data for table `tbl_roles`
--

LOCK TABLES `tbl_roles` WRITE;
/*!40000 ALTER TABLE `tbl_roles` DISABLE KEYS */;
INSERT INTO `tbl_roles` VALUES (1,'Admin'),(2,'Co Admin');
/*!40000 ALTER TABLE `tbl_roles` ENABLE KEYS */;
UNLOCK TABLES;

--
-- Table structure for table `tbl_student`
--

DROP TABLE IF EXISTS `tbl_student`;
/*!40101 SET @saved_cs_client     = @@character_set_client */;
/*!50503 SET character_set_client = utf8mb4 */;
CREATE TABLE `tbl_student` (
  `id` int NOT NULL AUTO_INCREMENT,
  `studentname` varchar(200) NOT NULL,
  `college_id` int NOT NULL,
  `gender` varchar(200) NOT NULL,
  `email` varchar(200) NOT NULL,
  `course` varchar(200) NOT NULL,
  PRIMARY KEY (`id`)
) ENGINE=InnoDB AUTO_INCREMENT=79 DEFAULT CHARSET=latin1;
/*!40101 SET character_set_client = @saved_cs_client */;

--
-- Dumping data for table `tbl_student`
--

LOCK TABLES `tbl_student` WRITE;
/*!40000 ALTER TABLE `tbl_student` DISABLE KEYS */;
INSERT INTO `tbl_student` VALUES (1,'College 1 Student 1',16,'Male','student1_1@demo.com','B. A'),(2,'College 1 Student 2',1,'male','student1_2@demo.com','B. Tech'),(3,'College 1 Student 3',1,'Male','student1_3@demo.com','B. Com'),(4,'College 1 Student 4',1,'Female','student1_4@demo.com','B. A'),(5,'College 1 Student 5',1,'Male','student1_5@demo.com','B. Tech'),(6,'College 1 Student 6',1,'Female','student1_6@demo.com','B. Com'),(7,'College 1 Student 7',1,'Male','student1_7@demo.com','B. A'),(8,'College 1 Student 8',1,'Female','student1_8@demo.com','B. Tech'),(9,'College 1 Student 9',1,'Male','student1_9@demo.com','B. Com'),(10,'College 1 Student 10',1,'Female','student1_10@demo.com','B. A'),(11,'College 2 Student 1',2,'Male','student2_1@demo.com','B. Tech'),(12,'College 2 Student 2',2,'Female','student2_2@demo.com','B. Com'),(13,'College 2 Student 3',2,'Male','student2_3@demo.com','B. A'),(14,'College 2 Student 4',2,'Female','student2_4@demo.com','B. Tech'),(15,'College 2 Student 5',2,'Male','student2_5@demo.com','B. Com'),(16,'College 2 Student 6',2,'Female','student2_6@demo.com','B. A'),(17,'College 2 Student 7',2,'Male','student2_7@demo.com','B. Tech'),(18,'College 2 Student 8',2,'Female','student2_8@demo.com','B. Com'),(19,'College 2 Student 9',2,'Male','student2_9@demo.com','B. A'),(20,'College 2 Student 10',2,'Female','student2_10@demo.com','B. Tech'),(21,'College 3 Student 1',3,'Male','student3_1@demo.com','B. Com'),(22,'College 3 Student 2',3,'Female','student3_2@demo.com','B. A'),(23,'College 3 Student 3',3,'Male','student3_3@demo.com','B. Tech'),(24,'College 3 Student 4',3,'Female','student3_4@demo.com','B. Com'),(25,'College 3 Student 5',3,'Male','student3_5@demo.com','B. A'),(26,'College 3 Student 6',3,'Female','student3_6@demo.com','B. Tech'),(27,'College 3 Student 7',3,'Male','student3_7@demo.com','B. Com'),(28,'College 3 Student 8',3,'Female','student3_8@demo.com','B. A'),(29,'College 3 Student 9',3,'Male','student3_9@demo.com','B. Tech'),(30,'College 3 Student 10',3,'Female','student3_10@demo.com','B. Com'),(31,'College 4 Student 1',4,'Male','student4_1@demo.com','B. A'),(32,'College 4 Student 2',4,'Female','student4_2@demo.com','B. Tech'),(33,'College 4 Student 3',4,'Male','student4_3@demo.com','B. Com'),(34,'College 4 Student 4',4,'Female','student4_4@demo.com','B. A'),(35,'College 4 Student 5',4,'Male','student4_5@demo.com','B. Tech'),(36,'College 4 Student 6',4,'Female','student4_6@demo.com','B. Com'),(37,'College 4 Student 7',4,'Male','student4_7@demo.com','B. A'),(38,'College 4 Student 8',4,'Female','student4_8@demo.com','B. Tech'),(39,'College 4 Student 9',4,'Male','student4_9@demo.com','B. Com'),(40,'College 4 Student 10',4,'Female','student4_10@demo.com','B. A'),(41,'College 5 Student 1',5,'Male','student5_1@demo.com','B. Tech'),(42,'College 5 Student 2',5,'Female','student5_2@demo.com','B. Com'),(43,'College 5 Student 3',5,'Male','student5_3@demo.com','B. A'),(44,'College 5 Student 4',5,'Female','student5_4@demo.com','B. Tech'),(45,'College 5 Student 5',5,'Male','student5_5@demo.com','B. Com'),(46,'College 5 Student 6',5,'Female','student5_6@demo.com','B. A'),(47,'College 5 Student 7',5,'Male','student5_7@demo.com','B. Tech'),(48,'College 5 Student 8',5,'Female','student5_8@demo.com','B. Com'),(49,'College 5 Student 9',5,'Male','student5_9@demo.com','B. A'),(50,'College 5 Student 10',5,'Female','student5_10@demo.com','B. Tech'),(51,'Test_teena',12,'female','superuser@demo.com','test_cloudmigration'),(52,'Ravi Nedarapalle',15,'male','nedarapalle.ravi@gmail.com','Computor'),(53,'Student1_Nidhi',23,'female','demo_nb@mail.com','B.E.'),(54,'Qais',14,'male','Qaiser@demo.com','B-Tech'),(55,'Nataraj Venkatesan',16,'male','nataraj.venkatesan@ibm.com','MCA'),(56,'Student2_NB',30,'female','demo2_nb@mail.com','EC'),(57,'ASha',11,'female','asha@gmail.com','1232545'),(58,'Manju',13,'female','manju@gmail.com','MAsters'),(59,'@@@@@@33',11,'female','super','^&&())____#@@'),(60,'Kanav',31,'male','kanavsood89@gmail.com','IT'),(61,'Student3_Nidhi',23,'male','student2_nb@mail.com','B.Sc'),(62,'SND_Std1',20,'male','SND_Std1@test.com','BE'),(63,'Test Student_Mathena',17,'female','mathena@test.com','MainCourse1'),(64,'SND_Std2',24,'female','SND_Std2@test.com','BTech'),(65,'Student4_NB',30,'male','student4_nb@mail.com','B.Sc'),(66,'ASha',11,'female','12345','MAsters'),(67,'SND_Std3',20,'female','SND_Std3@test.com','BA'),(68,'ASha',11,'female','asha@gmail.com','1232545'),(69,'SatishK1',19,'male','SatishK1@testmail.com','B. Tech'),(70,'SatishK2',21,'female','SatishK2@testmail.com','M. Tech.'),(71,'SatishK3',25,'female','SatishK3@testmail.com','B.Sc.'),(72,'SatishK4',26,'female','SatishK4@testmail.com','B.E.'),(73,'Utkarsh Tiwari',18,'male','Utkarsh.Tiwari@CMIG.com','ECE'),(74,'SatishK5',27,'male','SatishK5@testmail.com','M.C.A.'),(75,'SatishK6',28,'male','SatishK6@testmail.com','B.A.'),(76,'SatishK7',29,'male','SatishK7@testmail.com','M.Com.'),(77,'Student2_nidhi',23,'female','test_nidhi@mail.com','EC'),(78,'Neeraj',34,'male','Neeraj@gmail.com','EEE');
/*!40000 ALTER TABLE `tbl_student` ENABLE KEYS */;
UNLOCK TABLES;

--
-- Table structure for table `tbl_users`
--

DROP TABLE IF EXISTS `tbl_users`;
/*!40101 SET @saved_cs_client     = @@character_set_client */;
/*!50503 SET character_set_client = utf8mb4 */;
CREATE TABLE `tbl_users` (
  `user_id` int NOT NULL AUTO_INCREMENT,
  `username` varchar(255) NOT NULL,
  `college_id` int NOT NULL,
  `email` varchar(255) NOT NULL,
  `gender` varchar(255) NOT NULL,
  `role_id` int NOT NULL,
  `password` varchar(255) NOT NULL,
  `confpwd` varchar(255) NOT NULL,
  PRIMARY KEY (`user_id`)
) ENGINE=InnoDB AUTO_INCREMENT=2123 DEFAULT CHARSET=latin1;
/*!40101 SET character_set_client = @saved_cs_client */;

--
-- Dumping data for table `tbl_users`
--

LOCK TABLES `tbl_users` WRITE;
/*!40000 ALTER TABLE `tbl_users` DISABLE KEYS */;
INSERT INTO `tbl_users` VALUES (1,'SuperUser',0,'superuser@demo.com','female',1,'7c4a8d09ca3762af61e59520943dc26494f8941b','7c4a8d09ca3762af61e59520943dc26494f8941b'),(2,'Moderator 1 College 1',1,'moderator1_1@demo.com','Male',1,'7c4a8d09ca3762af61e59520943dc26494f8941b','7c4a8d09ca3762af61e59520943dc26494f8941b'),(3,'Moderator 1 College 2',2,'moderator1_2@demo.com','Female',1,'7c4a8d09ca3762af61e59520943dc26494f8941b','7c4a8d09ca3762af61e59520943dc26494f8941b'),(4,'Moderator 1 College 3',3,'moderator1_3@demo.com','Male',1,'7c4a8d09ca3762af61e59520943dc26494f8941b','7c4a8d09ca3762af61e59520943dc26494f8941b'),(5,'Moderator 1 College 4',4,'moderator1_4@demo.com','Female',1,'7c4a8d09ca3762af61e59520943dc26494f8941b','7c4a8d09ca3762af61e59520943dc26494f8941b'),(6,'Moderator 1 College 5',5,'moderator1_5@demo.com','Male',1,'7c4a8d09ca3762af61e59520943dc26494f8941b','7c4a8d09ca3762af61e59520943dc26494f8941b'),(7,'Moderator 1 College 6',6,'moderator1_6@demo.com','Female',1,'7c4a8d09ca3762af61e59520943dc26494f8941b','7c4a8d09ca3762af61e59520943dc26494f8941b'),(8,'Moderator 1 College 7',7,'moderator1_7@demo.com','Male',1,'7c4a8d09ca3762af61e59520943dc26494f8941b','7c4a8d09ca3762af61e59520943dc26494f8941b'),(9,'Moderator 1 College 8',8,'moderator1_8@demo.com','Female',1,'7c4a8d09ca3762af61e59520943dc26494f8941b','7c4a8d09ca3762af61e59520943dc26494f8941b'),(10,'Moderator 1 College 9',9,'moderator1_9@demo.com','Male',1,'7c4a8d09ca3762af61e59520943dc26494f8941b','7c4a8d09ca3762af61e59520943dc26494f8941b'),(11,'Moderator 1 College 10',10,'moderator1_10@demo.com','Female',1,'7c4a8d09ca3762af61e59520943dc26494f8941b','7c4a8d09ca3762af61e59520943dc26494f8941b'),(12,'Moderator 2 College 1',1,'moderator2_1@demo.com','Male',2,'7c4a8d09ca3762af61e59520943dc26494f8941b','7c4a8d09ca3762af61e59520943dc26494f8941b'),(13,'Moderator 2 College 2',2,'moderator2_2@demo.com','Female',2,'7c4a8d09ca3762af61e59520943dc26494f8941b','7c4a8d09ca3762af61e59520943dc26494f8941b'),(14,'Moderator 2 College 3',3,'moderator2_3@demo.com','Male',2,'7c4a8d09ca3762af61e59520943dc26494f8941b','7c4a8d09ca3762af61e59520943dc26494f8941b'),(15,'Moderator 2 College 4',4,'moderator2_4@demo.com','Female',2,'7c4a8d09ca3762af61e59520943dc26494f8941b','7c4a8d09ca3762af61e59520943dc26494f8941b'),(16,'Moderator 2 College 5',5,'moderator2_5@demo.com','Male',2,'7c4a8d09ca3762af61e59520943dc26494f8941b','7c4a8d09ca3762af61e59520943dc26494f8941b'),(17,'Moderator 2 College 6',6,'moderator2_6@demo.com','Female',2,'7c4a8d09ca3762af61e59520943dc26494f8941b','7c4a8d09ca3762af61e59520943dc26494f8941b'),(18,'Moderator 2 College 7',7,'moderator2_7@demo.com','Male',2,'7c4a8d09ca3762af61e59520943dc26494f8941b','7c4a8d09ca3762af61e59520943dc26494f8941b'),(19,'Moderator 2 College 8',8,'moderator2_8@demo.com','Female',2,'7c4a8d09ca3762af61e59520943dc26494f8941b','7c4a8d09ca3762af61e59520943dc26494f8941b'),(20,'Moderator 2 College 9',9,'moderator2_9@demo.com','Male',2,'7c4a8d09ca3762af61e59520943dc26494f8941b','7c4a8d09ca3762af61e59520943dc26494f8941b'),(2100,'Moderator 2 College 10',10,'moderator2_10@demo.com','Female',2,'7c4a8d09ca3762af61e59520943dc26494f8941b','7c4a8d09ca3762af61e59520943dc26494f8941b'),(2101,'Test_Teena',12,'superuser@demo.com','female',2,'7288edd0fc3ffcbe93a0cf06e3568e28521687bc','7288edd0fc3ffcbe93a0cf06e3568e28521687bc'),(2102,'ndl.ravi',15,'nedarapalle.ravi@gmail.com','male',1,'9112a149338c93afa626091fa64eba412c170cee','3419d19f0001ebe9382dc32f9b60991a62d882b5'),(2103,'asha@Moderator',11,'asha@gmail.com','female',1,'3933275c2822c7b6c162b9c088e3c069c8ccdac8','3933275c2822c7b6c162b9c088e3c069c8ccdac8'),(2104,'Qaiser',14,'Qaiser@demo.com','male',1,'7c4a8d09ca3762af61e59520943dc26494f8941b','7c4a8d09ca3762af61e59520943dc26494f8941b'),(2105,'Nataraj Venkatesan',16,'nataraj.venkatesan@ibm.com','male',1,'7c4a8d09ca3762af61e59520943dc26494f8941b','7c4a8d09ca3762af61e59520943dc26494f8941b'),(2106,'Moderator_UT_College_Utkarsh',18,'Utkarshs777@testmail.com','male',1,'7c4a8d09ca3762af61e59520943dc26494f8941b','7c4a8d09ca3762af61e59520943dc26494f8941b'),(2107,'ashash@moderator',13,'ash@gmail.com','female',1,'47b9278a0b7c4da8f4cf7c5f032e6543ac17e1ab','47b9278a0b7c4da8f4cf7c5f032e6543ac17e1ab'),(2108,'SND_Mod1',20,'SND_Mod1@test.com','male',1,'7110eda4d09e062aa5e4a390b0a572ac0d2c0220','7110eda4d09e062aa5e4a390b0a572ac0d2c0220'),(2109,'kanav1089',31,'kanavsood89@gmail.com','male',1,'eb890a8bb1a55abd500a6031396a1ac125fb2c50','eb890a8bb1a55abd500a6031396a1ac125fb2c50'),(2110,'Moderator1 ',19,'moderator1_SatishCollege1@testemail.com','male',1,'7c4a8d09ca3762af61e59520943dc26494f8941b','7c4a8d09ca3762af61e59520943dc26494f8941b'),(2111,'Mod_NB',23,'demo_mod@mail.com','female',1,'7c4a8d09ca3762af61e59520943dc26494f8941b','7c4a8d09ca3762af61e59520943dc26494f8941b'),(2112,'Moderator2',21,'moderator2_SatishCollege2@testemail.com','female',2,'7c4a8d09ca3762af61e59520943dc26494f8941b','7c4a8d09ca3762af61e59520943dc26494f8941b'),(2113,'Mod2_NB',30,'demo_mod2@mail.com','female',2,'7c4a8d09ca3762af61e59520943dc26494f8941b','7c4a8d09ca3762af61e59520943dc26494f8941b'),(2114,'Moderator3',25,'moderator3_SatishCollege3@testemail.com','male',2,'7c4a8d09ca3762af61e59520943dc26494f8941b','7c4a8d09ca3762af61e59520943dc26494f8941b'),(2115,'SND_Mod2',24,'SND_Mod2@test.com','female',1,'7110eda4d09e062aa5e4a390b0a572ac0d2c0220','7110eda4d09e062aa5e4a390b0a572ac0d2c0220'),(2116,'Moderator4',26,'moderator4_SatishCollege4@testemail.com','male',2,'7c4a8d09ca3762af61e59520943dc26494f8941b','7c4a8d09ca3762af61e59520943dc26494f8941b'),(2117,'Moderator5',27,'moderator5_SatishCollege5@testemail.com','female',1,'7c4a8d09ca3762af61e59520943dc26494f8941b','7c4a8d09ca3762af61e59520943dc26494f8941b'),(2118,'Moderator6',28,'moderator6_SatishCollege6@testemail.com','male',2,'7c4a8d09ca3762af61e59520943dc26494f8941b','7c4a8d09ca3762af61e59520943dc26494f8941b'),(2119,'UTKARSHt@test.com',18,'Utkarsh.Tiwari@testoo.com','male',1,'7c4a8d09ca3762af61e59520943dc26494f8941b','7c4a8d09ca3762af61e59520943dc26494f8941b'),(2120,'Moderator7',29,'moderator7_SatishCollege7@testemail.com','female',1,'7c4a8d09ca3762af61e59520943dc26494f8941b','7c4a8d09ca3762af61e59520943dc26494f8941b'),(2121,'Moderator_Mathena',17,'mathena@test.com','female',1,'e701a87d65c2391c58f95f395dfdf7aac6a63a9a','e701a87d65c2391c58f95f395dfdf7aac6a63a9a'),(2122,'Neeraj',34,'neeraj@123','male',1,'27c7d0009885d93a3af7bd4c73b6b048be51fb7c','27c7d0009885d93a3af7bd4c73b6b048be51fb7c');
/*!40000 ALTER TABLE `tbl_users` ENABLE KEYS */;
UNLOCK TABLES;
/*!40103 SET TIME_ZONE=@OLD_TIME_ZONE */;

/*!40101 SET SQL_MODE=@OLD_SQL_MODE */;
/*!40014 SET FOREIGN_KEY_CHECKS=@OLD_FOREIGN_KEY_CHECKS */;
/*!40014 SET UNIQUE_CHECKS=@OLD_UNIQUE_CHECKS */;
/*!40101 SET CHARACTER_SET_CLIENT=@OLD_CHARACTER_SET_CLIENT */;
/*!40101 SET CHARACTER_SET_RESULTS=@OLD_CHARACTER_SET_RESULTS */;
/*!40101 SET COLLATION_CONNECTION=@OLD_COLLATION_CONNECTION */;
/*!40111 SET SQL_NOTES=@OLD_SQL_NOTES */;

-- Dump completed on 2024-01-17 17:03:10
