CREATE DATABASE  IF NOT EXISTS `college_mgmt`;
USE `college_mgmt`;
-- MySQL dump 10.13  Distrib 8.0.28, for Win64 (x86_64)
--
-- Host: 18.143.195.118    Database: college_mgmt
-- ------------------------------------------------------
-- Server version	8.0.31-0ubuntu0.22.04.1

/*!40101 SET @OLD_CHARACTER_SET_CLIENT=@@CHARACTER_SET_CLIENT */;
/*!40101 SET @OLD_CHARACTER_SET_RESULTS=@@CHARACTER_SET_RESULTS */;
/*!40101 SET @OLD_COLLATION_CONNECTION=@@COLLATION_CONNECTION */;
/*!50503 SET NAMES utf8 */;
/*!40103 SET @OLD_TIME_ZONE=@@TIME_ZONE */;
/*!40103 SET TIME_ZONE='+00:00' */;
/*!40014 SET @OLD_UNIQUE_CHECKS=@@UNIQUE_CHECKS, UNIQUE_CHECKS=0 */;
/*!40014 SET @OLD_FOREIGN_KEY_CHECKS=@@FOREIGN_KEY_CHECKS, FOREIGN_KEY_CHECKS=0 */;
/*!40101 SET @OLD_SQL_MODE=@@SQL_MODE, SQL_MODE='NO_AUTO_VALUE_ON_ZERO' */;
/*!40111 SET @OLD_SQL_NOTES=@@SQL_NOTES, SQL_NOTES=0 */;

--
-- Table structure for table `tbl_college`
--

DROP TABLE IF EXISTS `tbl_college`;
/*!40101 SET @saved_cs_client     = @@character_set_client */;
/*!50503 SET character_set_client = utf8mb4 */;
CREATE TABLE `tbl_college` (
  `college_id` int NOT NULL AUTO_INCREMENT,
  `collegename` varchar(200) NOT NULL,
  `branch` varchar(200) NOT NULL,
  PRIMARY KEY (`college_id`)
) ENGINE=InnoDB AUTO_INCREMENT=27 DEFAULT CHARSET=latin1;
/*!40101 SET character_set_client = @saved_cs_client */;

--
-- Dumping data for table `tbl_college`
--

LOCK TABLES `tbl_college` WRITE;
/*!40000 ALTER TABLE `tbl_college` DISABLE KEYS */;
INSERT INTO `tbl_college` VALUES (1,'Test College 1','Test College 1 Branch 1'),(2,'Test College 2','Test College 2 Branch 1'),(3,'Test College 3','Test College 3 Branch 1'),(4,'Test College 4','Test College 4 Branch 1'),(5,'Test College 5','Test College 5 Branch 1'),(6,'Test College 6','Test College 6 Branch 1'),(7,'Test College 7','Test College 7 Branch 1'),(8,'Test College 8','Test College 8 Branch 1'),(9,'Test College 9','Test College 9 Branch 1'),(10,'Test College 10','Test College 10 Branch 1'),(11,'CTMS_Test','1'),(12,'PDACollegeGulbarga','E and CE'),(13,'Rahul_YCCE','Electronics Engg'),(14,'Baxi Jagabandhu College','Science'),(15,'MAIMT 14Dec','YNR'),(16,'Test College ','CS'),(17,'Testcollege_Dec142022_an','Dec142022_an_college'),(18,'MAIMT2 14 Dec','Raduar'),(19,'DIV_College1','DIV_Branch1'),(20,'College1 NK','College1 NK Branch'),(21,'Test College Demo','CS'),(22,'VIT','MSC Comm'),(23,'college y','CSE'),(24,'RameshCollege','B.Tech'),(25,'College 2','Commerce'),(26,'NeerajCollege','NeerajCollegeBranch');
/*!40000 ALTER TABLE `tbl_college` ENABLE KEYS */;
UNLOCK TABLES;

--
-- Table structure for table `tbl_roles`
--

DROP TABLE IF EXISTS `tbl_roles`;
/*!40101 SET @saved_cs_client     = @@character_set_client */;
/*!50503 SET character_set_client = utf8mb4 */;
CREATE TABLE `tbl_roles` (
  `role_id` int NOT NULL AUTO_INCREMENT,
  `rolename` varchar(100) NOT NULL,
  PRIMARY KEY (`role_id`)
) ENGINE=InnoDB AUTO_INCREMENT=3 DEFAULT CHARSET=latin1;
/*!40101 SET character_set_client = @saved_cs_client */;

--
-- Dumping data for table `tbl_roles`
--

LOCK TABLES `tbl_roles` WRITE;
/*!40000 ALTER TABLE `tbl_roles` DISABLE KEYS */;
INSERT INTO `tbl_roles` VALUES (1,'Admin'),(2,'Co Admin');
/*!40000 ALTER TABLE `tbl_roles` ENABLE KEYS */;
UNLOCK TABLES;

--
-- Table structure for table `tbl_student`
--

DROP TABLE IF EXISTS `tbl_student`;
/*!40101 SET @saved_cs_client     = @@character_set_client */;
/*!50503 SET character_set_client = utf8mb4 */;
CREATE TABLE `tbl_student` (
  `id` int NOT NULL AUTO_INCREMENT,
  `studentname` varchar(200) NOT NULL,
  `college_id` int NOT NULL,
  `gender` varchar(200) NOT NULL,
  `email` varchar(200) NOT NULL,
  `course` varchar(200) NOT NULL,
  PRIMARY KEY (`id`)
) ENGINE=InnoDB AUTO_INCREMENT=74 DEFAULT CHARSET=latin1;
/*!40101 SET character_set_client = @saved_cs_client */;

--
-- Dumping data for table `tbl_student`
--

LOCK TABLES `tbl_student` WRITE;
/*!40000 ALTER TABLE `tbl_student` DISABLE KEYS */;
INSERT INTO `tbl_student` VALUES (2,'College 1 Student 2',1,'Female','student1_2@demo.com','B. Tech'),(3,'College 1 Student 3',1,'Male','student1_3@demo.com','B. Com'),(4,'College 1 Student 4',1,'Female','student1_4@demo.com','B. A'),(5,'College 1 Student 5',1,'Male','student1_5@demo.com','B. Tech'),(6,'College 1 Student 6',1,'Female','student1_6@demo.com','B. Com'),(7,'College 1 Student 7',1,'Male','student1_7@demo.com','B. A'),(8,'College 1 Student 8',1,'Female','student1_8@demo.com','B. Tech'),(9,'College 1 Student 9',1,'Male','student1_9@demo.com','B. Com'),(10,'College 1 Student 10',1,'Female','student1_10@demo.com','B. A'),(11,'College 2 Student 1',2,'Male','student2_1@demo.com','B. Tech'),(12,'College 2 Student 2',2,'Female','student2_2@demo.com','B. Com'),(13,'College 2 Student 3',2,'Male','student2_3@demo.com','B. A'),(14,'College 2 Student 4',2,'Female','student2_4@demo.com','B. Tech'),(15,'College 2 Student 5',2,'Male','student2_5@demo.com','B. Com'),(16,'College 2 Student 6',2,'Female','student2_6@demo.com','B. A'),(17,'College 2 Student 7',2,'Male','student2_7@demo.com','B. Tech'),(18,'College 2 Student 8',2,'Female','student2_8@demo.com','B. Com'),(19,'College 2 Student 9',2,'Male','student2_9@demo.com','B. A'),(20,'College 2 Student 10',2,'Female','student2_10@demo.com','B. Tech'),(21,'College 3 Student 1',3,'Male','student3_1@demo.com','B. Com'),(22,'College 3 Student 2',3,'Female','student3_2@demo.com','B. A'),(23,'College 3 Student 3',3,'Male','student3_3@demo.com','B. Tech'),(24,'College 3 Student 4',3,'Female','student3_4@demo.com','B. Com'),(25,'College 3 Student 5',3,'Male','student3_5@demo.com','B. A'),(26,'College 3 Student 6',3,'Female','student3_6@demo.com','B. Tech'),(27,'College 3 Student 7',3,'Male','student3_7@demo.com','B. Com'),(28,'College 3 Student 8',3,'Female','student3_8@demo.com','B. A'),(29,'College 3 Student 9',3,'Male','student3_9@demo.com','B. Tech'),(30,'College 3 Student 10',3,'Female','student3_10@demo.com','B. Com'),(31,'College 4 Student 1',4,'Male','student4_1@demo.com','B. A'),(32,'College 4 Student 2',4,'Female','student4_2@demo.com','B. Tech'),(33,'College 4 Student 3',4,'Male','student4_3@demo.com','B. Com'),(34,'College 4 Student 4',4,'Female','student4_4@demo.com','B. A'),(35,'College 4 Student 5',4,'Male','student4_5@demo.com','B. Tech'),(36,'College 4 Student 6',4,'Female','student4_6@demo.com','B. Com'),(37,'College 4 Student 7',4,'Male','student4_7@demo.com','B. A'),(38,'College 4 Student 8',4,'Female','student4_8@demo.com','B. Tech'),(39,'College 4 Student 9',4,'Male','student4_9@demo.com','B. Com'),(40,'College 4 Student 10',4,'Female','student4_10@demo.com','B. A'),(43,'College 5 Student 3',5,'Male','student5_3@demo.com','B. A'),(44,'College 5 Student 4',5,'Female','student5_4@demo.com','B. Tech'),(45,'College 5 Student 5',5,'Male','student5_5@demo.com','B. Com'),(46,'College 5 Student 6',5,'Female','student5_6@demo.com','B. A'),(47,'College 5 Student 7',5,'Male','student5_7@demo.com','B. Tech'),(48,'College 5 Student 8',5,'Female','student5_8@demo.com','B. Com'),(49,'College 5 Student 9',5,'Male','student5_9@demo.com','B. A'),(50,'College 5 Student 10',5,'Female','student5_10@demo.com','B. Tech'),(51,'RameshTest1',1,'male','rameshtest1@demo.com','B.Tech'),(52,'Nithia',8,'female','moderator1_1@demo.com','B.Tech'),(53,'PDAStudent',12,'male','pda@gmail.com','E and CE'),(54,'Aswathy ',17,'female','aswnatar@in.ibm.com','CTP_MIG'),(55,'Rahul_HanSolo',13,'male','HanSolo@test.com','Electronics Engg'),(56,'Prsanna',14,'male','Prasanna@gmail.com','Science'),(57,'Charu ST',5,'female','charu@demo.com','BA'),(58,'SP_1',11,'male','test_234@demo.com','CSE'),(59,'DIV_S1',19,'female','div_s1@gmail.com','English'),(60,'Student1',21,'male','student@gmail.com','AI'),(61,'Rahul_Zendeya',13,'female','Zedeya@test.com','Computer Science'),(62,'Rahul_Dua',13,'female','dualipa@test.com','IT'),(63,'DIV_S2',19,'female','div_s2@gmail.com','Science'),(64,'Student1 NK',20,'male','studen11NK@abc.com','Maths'),(65,'Rahul_ObiWan',13,'male','obi.wan@test.com','Sociology'),(66,'Sangeetha',22,'female','sangeetha.vanmerimeethal.paleri@ibm.com','MA'),(67,'ABC',23,'female','moderator1_1@demo.com','B.Tech'),(68,'Stud1',16,'female','stud@gmail.com','MI'),(69,'Rahul_Mon',13,'male','Mon@test.com','Psychology'),(70,'RameshStudent1',24,'male','RameshStudent1@gmail.com','B.Tech'),(72,'Student2 NK',20,'male','student2NK@abc.com','nk'),(73,'Naga',25,'male','Naga@gmail.com','Commerce');
/*!40000 ALTER TABLE `tbl_student` ENABLE KEYS */;
UNLOCK TABLES;

--
-- Table structure for table `tbl_users`
--

DROP TABLE IF EXISTS `tbl_users`;
/*!40101 SET @saved_cs_client     = @@character_set_client */;
/*!50503 SET character_set_client = utf8mb4 */;
CREATE TABLE `tbl_users` (
  `user_id` int NOT NULL AUTO_INCREMENT,
  `username` varchar(255) NOT NULL,
  `college_id` int NOT NULL,
  `email` varchar(255) NOT NULL,
  `gender` varchar(255) NOT NULL,
  `role_id` int NOT NULL,
  `password` varchar(255) NOT NULL,
  `confpwd` varchar(255) NOT NULL,
  PRIMARY KEY (`user_id`)
) ENGINE=InnoDB AUTO_INCREMENT=36 DEFAULT CHARSET=latin1;
/*!40101 SET character_set_client = @saved_cs_client */;

--
-- Dumping data for table `tbl_users`
--

LOCK TABLES `tbl_users` WRITE;
/*!40000 ALTER TABLE `tbl_users` DISABLE KEYS */;
INSERT INTO `tbl_users` VALUES (1,'Moderator 1 College 1',1,'moderator1_1@demo.com','Male',1,'7c4a8d09ca3762af61e59520943dc26494f8941b','7c4a8d09ca3762af61e59520943dc26494f8941b'),(2,'Moderator 1 College 2',2,'moderator1_2@demo.com','Female',1,'7c4a8d09ca3762af61e59520943dc26494f8941b','7c4a8d09ca3762af61e59520943dc26494f8941b'),(3,'Moderator 1 College 3',3,'moderator1_3@demo.com','Male',1,'7c4a8d09ca3762af61e59520943dc26494f8941b','7c4a8d09ca3762af61e59520943dc26494f8941b'),(4,'Moderator 1 College 4',4,'moderator1_4@demo.com','Female',1,'7c4a8d09ca3762af61e59520943dc26494f8941b','7c4a8d09ca3762af61e59520943dc26494f8941b'),(5,'Moderator 1 College 5',5,'moderator1_5@demo.com','Male',1,'7c4a8d09ca3762af61e59520943dc26494f8941b','7c4a8d09ca3762af61e59520943dc26494f8941b'),(6,'Moderator 1 College 6',6,'moderator1_6@demo.com','Female',1,'7c4a8d09ca3762af61e59520943dc26494f8941b','7c4a8d09ca3762af61e59520943dc26494f8941b'),(7,'Moderator 1 College 7',7,'moderator1_7@demo.com','Male',1,'7c4a8d09ca3762af61e59520943dc26494f8941b','7c4a8d09ca3762af61e59520943dc26494f8941b'),(8,'Moderator 1 College 8',8,'moderator1_8@demo.com','Female',1,'7c4a8d09ca3762af61e59520943dc26494f8941b','7c4a8d09ca3762af61e59520943dc26494f8941b'),(9,'Moderator 1 College 9',9,'moderator1_9@demo.com','Male',1,'7c4a8d09ca3762af61e59520943dc26494f8941b','7c4a8d09ca3762af61e59520943dc26494f8941b'),(10,'Moderator 1 College 10',10,'moderator1_10@demo.com','Female',1,'7c4a8d09ca3762af61e59520943dc26494f8941b','7c4a8d09ca3762af61e59520943dc26494f8941b'),(11,'Moderator 2 College 1',1,'moderator2_1@demo.com','Male',2,'7c4a8d09ca3762af61e59520943dc26494f8941b','7c4a8d09ca3762af61e59520943dc26494f8941b'),(12,'Moderator 2 College 2',2,'moderator2_2@demo.com','Female',2,'7c4a8d09ca3762af61e59520943dc26494f8941b','7c4a8d09ca3762af61e59520943dc26494f8941b'),(13,'Moderator 2 College 3',3,'moderator2_3@demo.com','Male',2,'7c4a8d09ca3762af61e59520943dc26494f8941b','7c4a8d09ca3762af61e59520943dc26494f8941b'),(14,'Moderator 2 College 4',4,'moderator2_4@demo.com','Female',2,'7c4a8d09ca3762af61e59520943dc26494f8941b','7c4a8d09ca3762af61e59520943dc26494f8941b'),(15,'Moderator 2 College 5',5,'moderator2_5@demo.com','Male',2,'7c4a8d09ca3762af61e59520943dc26494f8941b','7c4a8d09ca3762af61e59520943dc26494f8941b'),(16,'Moderator 2 College 6',6,'moderator2_6@demo.com','Female',2,'7c4a8d09ca3762af61e59520943dc26494f8941b','7c4a8d09ca3762af61e59520943dc26494f8941b'),(17,'Moderator 2 College 7',7,'moderator2_7@demo.com','Male',2,'7c4a8d09ca3762af61e59520943dc26494f8941b','7c4a8d09ca3762af61e59520943dc26494f8941b'),(18,'Moderator 2 College 8',8,'moderator2_8@demo.com','Female',2,'7c4a8d09ca3762af61e59520943dc26494f8941b','7c4a8d09ca3762af61e59520943dc26494f8941b'),(19,'Moderator 2 College 9',9,'moderator2_9@demo.com','Male',2,'7c4a8d09ca3762af61e59520943dc26494f8941b','7c4a8d09ca3762af61e59520943dc26494f8941b'),(20,'Moderator 2 College 10',10,'moderator2_10@demo.com','Female',2,'7c4a8d09ca3762af61e59520943dc26494f8941b','7c4a8d09ca3762af61e59520943dc26494f8941b'),(21,'PDA Moderator',12,'pda@gmail.com','male',1,'77e17e47a656d01098d50696df11219475d66ee6','77e17e47a656d01098d50696df11219475d66ee6'),(22,'RahulRathi',13,'rahul@test.com','male',1,'7c4a8d09ca3762af61e59520943dc26494f8941b','7c4a8d09ca3762af61e59520943dc26494f8941b'),(23,'AdminST',6,'st@demo.com','female',2,'8cb2237d0679ca88db6464eac60da96345513964','8cb2237d0679ca88db6464eac60da96345513964'),(24,'moderator1_1@demo.com',17,'aswnatar@in.ibm.com','female',1,'7c4a8d09ca3762af61e59520943dc26494f8941b','7c4a8d09ca3762af61e59520943dc26494f8941b'),(25,'Surjyendu',14,'biswalsurjyendu@gmail.com','male',1,'8190d58d3b8cc79000084ebfaaf177a850e7e108','8190d58d3b8cc79000084ebfaaf177a850e7e108'),(26,'Priyanka',11,'test_1232@test.com','female',1,'c24d0a1968e339c3786751ab16411c2c24ce8a2e','c24d0a1968e339c3786751ab16411c2c24ce8a2e'),(27,'DIV_Mod1',19,'div_abc@gmail.com','male',1,'8cb2237d0679ca88db6464eac60da96345513964','8cb2237d0679ca88db6464eac60da96345513964'),(28,'muralidhara1209@gmail.com',21,'test@gmil.com','male',1,'7c4a8d09ca3762af61e59520943dc26494f8941b','7c4a8d09ca3762af61e59520943dc26494f8941b'),(29,'ModeratorTest1 NK',20,'ModeratorTest1 NK','male',1,'c4e3ac48e3737a7c4b1e343c859ccb7797d2b105','c4e3ac48e3737a7c4b1e343c859ccb7797d2b105'),(30,'vpsangy',1,'sangeetha.vanmerimeethal.paleri@ibm.com','female',1,'d318f44739dced66793b1a603028133a76ae680e','d318f44739dced66793b1a603028133a76ae680e'),(31,'moderator1',16,'testmod@gmail.com','female',2,'7110eda4d09e062aa5e4a390b0a572ac0d2c0220','7110eda4d09e062aa5e4a390b0a572ac0d2c0220'),(32,'RameshModerator1',24,'RameshModerator1@gmail.com','male',1,'7c4a8d09ca3762af61e59520943dc26494f8941b','7c4a8d09ca3762af61e59520943dc26494f8941b'),(33,'ABC',23,'moderator1_1@demo.com','female',1,'7110eda4d09e062aa5e4a390b0a572ac0d2c0220','7110eda4d09e062aa5e4a390b0a572ac0d2c0220'),(34,'Moderator Commerce',25,'moderator2_2@demo.com','male',2,'8190d58d3b8cc79000084ebfaaf177a850e7e108','8190d58d3b8cc79000084ebfaaf177a850e7e108'),(35,'NEERAJModerator',26,'apps.neeraj@gmail.com','male',1,'caa3b3b04f80b99a1b75076b5847970ceed75736','816ba0423f32974cb30c23f7973716280db84c75');
/*!40000 ALTER TABLE `tbl_users` ENABLE KEYS */;
UNLOCK TABLES;
/*!40103 SET TIME_ZONE=@OLD_TIME_ZONE */;

/*!40101 SET SQL_MODE=@OLD_SQL_MODE */;
/*!40014 SET FOREIGN_KEY_CHECKS=@OLD_FOREIGN_KEY_CHECKS */;
/*!40014 SET UNIQUE_CHECKS=@OLD_UNIQUE_CHECKS */;
/*!40101 SET CHARACTER_SET_CLIENT=@OLD_CHARACTER_SET_CLIENT */;
/*!40101 SET CHARACTER_SET_RESULTS=@OLD_CHARACTER_SET_RESULTS */;
/*!40101 SET COLLATION_CONNECTION=@OLD_COLLATION_CONNECTION */;
/*!40111 SET SQL_NOTES=@OLD_SQL_NOTES */;

-- Dump completed on 2022-12-14 17:42:49
